Drug,Hour,Organ,Conc_umol_L,Kp
Lecanemab,0.0,blood,125.43395001,1.0
Lecanemab,0.0,lung,0.0,0.8443
Lecanemab,0.0,liver,0.0,0.789
Lecanemab,0.0,kidney,0.0,0.8734
Lecanemab,0.0,muscle,0.0,0.9034
Lecanemab,0.0,fat,0.0,0.6662
Lecanemab,0.0,brain,0.0,0.7628
Lecanemab,0.0,gut,0.0,0.8162
Lecanemab,0.241,blood,25.74281334,1.0
Lecanemab,0.241,lung,17.53889986,0.8443
Lecanemab,0.241,liver,17.0325813,0.789
Lecanemab,0.241,kidney,18.15816398,0.8734
Lecanemab,0.241,muscle,10.49542415,0.9034
Lecanemab,0.241,fat,7.18463456,0.6662
Lecanemab,0.241,brain,16.89078255,0.7628
Lecanemab,0.241,gut,17.17868888,0.8162
Lecanemab,0.482,blood,18.19734507,1.0
Lecanemab,0.482,lung,12.31781918,0.8443
Lecanemab,0.482,liver,11.6237375,0.789
Lecanemab,0.482,kidney,12.74459695,0.8734
Lecanemab,0.482,muscle,12.04651085,0.9034
Lecanemab,0.482,fat,8.42516949,0.6662
Lecanemab,0.482,brain,11.31103493,0.7628
Lecanemab,0.482,gut,11.94701703,0.8162
Lecanemab,0.724,blood,16.82555705,1.0
Lecanemab,0.724,lung,11.37007719,0.8443
Lecanemab,0.724,liver,10.64793559,0.789
Lecanemab,0.724,kidney,11.76205386,0.8734
Lecanemab,0.724,muscle,12.20284406,0.9034
Lecanemab,0.724,fat,8.68020922,0.6662
Lecanemab,0.724,brain,10.30786614,0.7628
Lecanemab,0.724,gut,10.99943527,0.8162
Lecanemab,0.965,blood,16.5053517,1.0
Lecanemab,0.965,lung,11.15017299,0.8443
Lecanemab,0.965,liver,10.42705383,0.789
Lecanemab,0.965,kidney,11.5342102,0.8734
Lecanemab,0.965,muscle,12.13735905,0.9034
Lecanemab,0.965,fat,8.73835652,0.6662
Lecanemab,0.965,brain,10.08412729,0.7628
Lecanemab,0.965,gut,10.78149774,0.8162
Lecanemab,1.206,blood,16.3654154,1.0
Lecanemab,1.206,lung,11.05498444,0.8443
Lecanemab,1.206,liver,10.33546749,0.789
Lecanemab,1.206,kidney,11.43569308,0.8734
Lecanemab,1.206,muscle,12.04455571,0.9034
Lecanemab,1.206,fat,8.74344289,0.6662
Lecanemab,1.206,brain,9.99382793,0.7628
Lecanemab,1.206,gut,10.68857977,0.8162
Lecanemab,1.447,blood,16.25726305,1.0
Lecanemab,1.447,lung,10.98183701,0.8443
Lecanemab,1.447,liver,10.26660513,0.789
Lecanemab,1.447,kidney,11.36000961,0.8734
Lecanemab,1.447,muscle,11.95420136,0.9034
Lecanemab,1.447,fat,8.72646326,0.6662
Lecanemab,1.447,brain,9.92693704,0.7628
Lecanemab,1.447,gut,10.61768181,0.8162
Lecanemab,1.688,blood,16.15546255,1.0
Lecanemab,1.688,lung,10.91304251,0.8443
Lecanemab,1.688,liver,10.2022052,0.789
Lecanemab,1.688,kidney,11.28884575,0.8734
Lecanemab,1.688,muscle,11.86914196,0.9034
Lecanemab,1.688,fat,8.69707325,0.6662
Lecanemab,1.688,brain,9.86460905,0.7628
Lecanemab,1.688,gut,10.55114111,0.8162
Lecanemab,1.93,blood,16.05553292,1.0
Lecanemab,1.93,lung,10.84553437,0.8443
Lecanemab,1.93,liver,10.13907064,0.789
Lecanemab,1.93,kidney,11.21901222,0.8734
Lecanemab,1.93,muscle,11.78837524,0.9034
Lecanemab,1.93,fat,8.65985538,0.6662
Lecanemab,1.93,brain,9.80354895,0.7628
Lecanemab,1.93,gut,10.48586312,0.8162
Lecanemab,2.171,blood,15.95661614,1.0
Lecanemab,2.171,lung,10.77871892,0.8443
Lecanemab,2.171,liver,10.07659411,0.789
Lecanemab,2.171,kidney,11.14989406,0.8734
Lecanemab,2.171,muscle,11.71073331,0.9034
Lecanemab,2.171,fat,8.61756048,0.6662
Lecanemab,2.171,brain,9.74313419,0.7628
Lecanemab,2.171,gut,10.42125627,0.8162
Lecanemab,2.412,blood,15.85850071,1.0
Lecanemab,2.412,lung,10.71244656,0.8443
Lecanemab,2.412,liver,10.01462899,0.789
Lecanemab,2.412,kidney,11.08133757,0.8734
Lecanemab,2.412,muscle,11.63534796,0.9034
Lecanemab,2.412,fat,8.57197803,0.6662
Lecanemab,2.412,brain,9.68321652,0.7628
Lecanemab,2.412,gut,10.35717549,0.8162
Lecanemab,2.653,blood,15.76110058,1.0
Lecanemab,2.653,lung,10.64667444,0.8443
Lecanemab,2.653,liver,9.95312126,0.789
Lecanemab,2.653,kidney,11.01329364,0.8734
Lecanemab,2.653,muscle,11.56162172,0.9034
Lecanemab,2.653,fat,8.52429819,0.6662
Lecanemab,2.653,brain,9.62374207,0.7628
Lecanemab,2.653,gut,10.29356735,0.8162
Lecanemab,2.894,blood,15.66438538,1.0
Lecanemab,2.894,lung,10.58132377,0.8443
Lecanemab,2.894,liver,9.89203927,0.789
Lecanemab,2.894,kidney,10.94569816,0.8734
Lecanemab,2.894,muscle,11.48915057,0.9034
Lecanemab,2.894,fat,8.47531686,0.6662
Lecanemab,2.894,brain,9.5646804,0.7628
Lecanemab,2.894,gut,10.23039652,0.8162
Lecanemab,3.136,blood,15.56831228,1.0
Lecanemab,3.136,lung,10.5164146,0.8443
Lecanemab,3.136,liver,9.83136518,0.789
Lecanemab,3.136,kidney,10.87855713,0.8734
Lecanemab,3.136,muscle,11.41766233,0.9034
Lecanemab,3.136,fat,8.42556695,0.6662
Lecanemab,3.136,brain,9.50601348,0.7628
Lecanemab,3.136,gut,10.16764746,0.8162
Lecanemab,3.377,blood,15.47286289,1.0
Lecanemab,3.377,lung,10.4519246,0.8443
Lecanemab,3.377,liver,9.77108513,0.789
Lecanemab,3.377,kidney,10.8118504,0.8734
Lecanemab,3.377,muscle,11.34697349,0.9034
Lecanemab,3.377,fat,8.37540516,0.6662
Lecanemab,3.377,brain,9.44772788,0.7628
Lecanemab,3.377,gut,10.10530546,0.8162
Lecanemab,3.618,blood,15.37802041,1.0
Lecanemab,3.618,lung,10.38784856,0.8443
Lecanemab,3.618,liver,9.71118952,0.789
Lecanemab,3.618,kidney,10.74557072,0.8734
Lecanemab,3.618,muscle,11.27696014,0.9034
Lecanemab,3.618,fat,8.32507005,0.6662
Lecanemab,3.618,brain,9.38981414,0.7628
Lecanemab,3.618,gut,10.04336104,0.8162
Lecanemab,3.859,blood,15.28376763,1.0
Lecanemab,3.859,lung,10.3241972,0.8443
Lecanemab,3.859,liver,9.65167179,0.789
Lecanemab,3.859,kidney,10.67972247,0.8734
Lecanemab,3.859,muscle,11.20753832,0.9034
Lecanemab,3.859,fat,8.27472101,0.6662
Lecanemab,3.859,brain,9.3322656,0.7628
Lecanemab,3.859,gut,9.98180868,0.8162
Lecanemab,4.101,blood,15.19010618,1.0
Lecanemab,4.101,lung,10.26093196,0.8443
Lecanemab,4.101,liver,9.59252502,0.789
Lecanemab,4.101,kidney,10.61427764,0.8734
Lecanemab,4.101,muscle,11.13865083,0.9034
Lecanemab,4.101,fat,8.22446426,0.6662
Lecanemab,4.101,brain,9.27507599,0.7628
Lecanemab,4.101,gut,9.92063915,0.8162
Lecanemab,4.342,blood,15.09702432,1.0
Lecanemab,4.342,lung,10.19806288,0.8443
Lecanemab,4.342,liver,9.5337453,0.789
Lecanemab,4.342,kidney,10.54924124,0.8734
Lecanemab,4.342,muscle,11.07025851,0.9034
Lecanemab,4.342,fat,8.17437044,0.6662
Lecanemab,4.342,brain,9.21824129,0.7628
Lecanemab,4.342,gut,9.85984942,0.8162
Lecanemab,4.583,blood,15.00451771,1.0
Lecanemab,4.583,lung,10.13558127,0.8443
Lecanemab,4.583,liver,9.47532871,0.789
Lecanemab,4.583,kidney,10.48460599,0.8734
Lecanemab,4.583,muscle,11.00233425,0.9034
Lecanemab,4.583,fat,8.1244863,0.6662
Lecanemab,4.583,brain,9.16175774,0.7628
Lecanemab,4.583,gut,9.79943512,0.8162
Lecanemab,4.824,blood,14.91258181,1.0
Lecanemab,4.824,lung,10.07348201,0.8443
Lecanemab,4.824,liver,9.41727195,0.789
Lecanemab,4.824,kidney,10.42036721,0.8734
Lecanemab,4.824,muscle,10.93485902,0.9034
Lecanemab,4.824,fat,8.07484259,0.6662
Lecanemab,4.824,brain,9.10562219,0.7628
Lecanemab,4.824,gut,9.73939277,0.8162
Lecanemab,5.065,blood,14.82121031,1.0
Lecanemab,5.065,lung,10.01176771,0.8443
Lecanemab,5.065,liver,9.35957238,0.789
Lecanemab,5.065,kidney,10.35652554,0.8734
Lecanemab,5.065,muscle,10.86781924,0.9034
Lecanemab,5.065,fat,8.0254593,0.6662
Lecanemab,5.065,brain,9.04983198,0.7628
Lecanemab,5.065,gut,9.67971999,0.8162
Lecanemab,5.307,blood,14.73041101,1.0
Lecanemab,5.307,lung,9.95039799,0.8443
Lecanemab,5.307,liver,9.30222587,0.789
Lecanemab,5.307,kidney,10.29305289,0.8734
Lecanemab,5.307,muscle,10.80120496,0.9034
Lecanemab,5.307,fat,7.97634921,0.6662
Lecanemab,5.307,brain,8.99438362,0.7628
Lecanemab,5.307,gut,9.62041011,0.8162
Lecanemab,5.548,blood,14.6401578,1.0
Lecanemab,5.548,lung,9.88943995,0.8443
Lecanemab,5.548,liver,9.2452327,0.789
Lecanemab,5.548,kidney,10.22999327,0.8734
Lecanemab,5.548,muscle,10.73500875,0.9034
Lecanemab,5.548,fat,7.92752036,0.6662
Lecanemab,5.548,brain,8.93927644,0.7628
Lecanemab,5.548,gut,9.56146792,0.8162
Lecanemab,5.789,blood,14.55046188,1.0
Lecanemab,5.789,lung,9.82884421,0.8443
Lecanemab,5.789,liver,9.18858866,0.789
Lecanemab,5.789,kidney,10.16731267,0.8734
Lecanemab,5.789,muscle,10.66922476,0.9034
Lecanemab,5.789,fat,7.87897748,0.6662
Lecanemab,5.789,brain,8.88450701,0.7628
Lecanemab,5.789,gut,9.50288606,0.8162
Lecanemab,6.03,blood,14.46131334,1.0
Lecanemab,6.03,lung,9.7686281,0.8443
Lecanemab,6.03,liver,9.13229227,0.789
Lecanemab,6.03,kidney,10.10502181,0.8734
Lecanemab,6.03,muscle,10.60384827,0.9034
Lecanemab,6.03,fat,7.83072317,0.6662
Lecanemab,6.03,brain,8.8300736,0.7628
Lecanemab,6.03,gut,9.44466424,0.8162
Lecanemab,6.271,blood,14.37271008,1.0
Lecanemab,6.271,lung,9.70878489,0.8443
Lecanemab,6.271,liver,9.07634112,0.789
Lecanemab,6.271,kidney,10.04311532,0.8734
Lecanemab,6.271,muscle,10.53887532,0.9034
Lecanemab,6.271,fat,7.78275857,0.6662
Lecanemab,6.271,brain,8.77597397,0.7628
Lecanemab,6.271,gut,9.38679973,0.8162
Lecanemab,6.513,blood,14.28465098,1.0
Lecanemab,6.513,lung,9.64930493,0.8443
Lecanemab,6.513,liver,9.02073276,0.789
Lecanemab,6.513,kidney,9.98158589,0.8734
Lecanemab,6.513,muscle,10.47430245,0.9034
Lecanemab,6.513,fat,7.73508385,0.6662
Lecanemab,6.513,brain,8.72220583,0.7628
Lecanemab,6.513,gut,9.32928948,0.8162
Lecanemab,6.754,blood,14.19712812,1.0
Lecanemab,6.754,lung,9.59020017,0.8443
Lecanemab,6.754,liver,8.96546559,0.789
Lecanemab,6.754,kidney,9.92044069,0.8734
Lecanemab,6.754,muscle,10.41012656,0.9034
Lecanemab,6.754,fat,7.68769856,0.6662
Lecanemab,6.754,brain,8.66876745,0.7628
Lecanemab,6.754,gut,9.2721328,0.8162
Lecanemab,6.995,blood,14.11014567,1.0
Lecanemab,6.995,lung,9.53144469,0.8443
Lecanemab,6.995,liver,8.91053658,0.789
Lecanemab,6.995,kidney,9.85966153,0.8734
Lecanemab,6.995,muscle,10.34634474,0.9034
Lecanemab,6.995,fat,7.64060179,0.6662
Lecanemab,6.995,brain,8.61565621,0.7628
Lecanemab,6.995,gut,9.215325,0.8162
Lecanemab,7.236,blood,14.02369782,1.0
Lecanemab,7.236,lung,9.47304415,0.8443
Lecanemab,7.236,liver,8.85594394,0.789
Lecanemab,7.236,kidney,9.79925139,0.8734
Lecanemab,7.236,muscle,10.28295429,0.9034
Lecanemab,7.236,fat,7.59379236,0.6662
Lecanemab,7.236,brain,8.56287029,0.7628
Lecanemab,7.236,gut,9.15886475,0.8162
Lecanemab,7.477,blood,13.93778099,1.0
Lecanemab,7.477,lung,9.41499722,0.8443
Lecanemab,7.477,liver,8.80168564,0.789
Lecanemab,7.477,kidney,9.73920856,0.8734
Lecanemab,7.477,muscle,10.21995262,0.9034
Lecanemab,7.477,fat,7.54726892,0.6662
Lecanemab,7.477,brain,8.51040768,0.7628
Lecanemab,7.477,gut,9.10274999,0.8162
Lecanemab,7.719,blood,13.8523971,1.0
Lecanemab,7.719,lung,9.35728544,0.8443
Lecanemab,7.719,liver,8.74775896,0.789
Lecanemab,7.719,kidney,9.67951989,0.8734
Lecanemab,7.719,muscle,10.1573372,0.9034
Lecanemab,7.719,fat,7.50102996,0.6662
Lecanemab,7.719,brain,8.45826602,0.7628
Lecanemab,7.719,gut,9.04697688,0.8162
Lecanemab,7.96,blood,13.76752182,1.0
Lecanemab,7.96,lung,9.29997293,0.8443
Lecanemab,7.96,liver,8.6941645,0.789
Lecanemab,7.96,kidney,9.62022751,0.8734
Lecanemab,7.96,muscle,10.09510563,0.9034
Lecanemab,7.96,fat,7.45507396,0.6662
Lecanemab,7.96,brain,8.40644494,0.7628
Lecanemab,7.96,gut,8.99155032,0.8162
Lecanemab,8.201,blood,13.68317153,1.0
Lecanemab,8.201,lung,9.24299595,0.8443
Lecanemab,8.201,liver,8.64089778,0.789
Lecanemab,8.201,kidney,9.56128795,0.8734
Lecanemab,8.201,muscle,10.03325545,0.9034
Lecanemab,8.201,fat,7.40939927,0.6662
Lecanemab,8.201,brain,8.35494099,0.7628
Lecanemab,8.201,gut,8.93646169,0.8162
Lecanemab,8.442,blood,13.59933708,1.0
Lecanemab,8.442,lung,9.18637106,0.8443
Lecanemab,8.442,liver,8.58795754,0.789
Lecanemab,8.442,kidney,9.50271151,0.8734
Lecanemab,8.442,muscle,9.97178429,0.9034
Lecanemab,8.442,fat,7.36400425,0.6662
Lecanemab,8.442,brain,8.30375266,0.7628
Lecanemab,8.442,gut,8.88171091,0.8162
Lecanemab,8.683,blood,13.51601639,1.0
Lecanemab,8.683,lung,9.13009268,0.8443
Lecanemab,8.683,liver,8.53534164,0.789
Lecanemab,8.683,kidney,9.44449368,0.8734
Lecanemab,8.683,muscle,9.9106898,0.9034
Lecanemab,8.683,fat,7.31888724,0.6662
Lecanemab,8.683,brain,8.25287794,0.7628
Lecanemab,8.683,gut,8.82729552,0.8162
Lecanemab,8.925,blood,13.43320669,1.0
Lecanemab,8.925,lung,9.07415756,0.8443
Lecanemab,8.925,liver,8.48304804,0.789
Lecanemab,8.925,kidney,9.38663151,0.8734
Lecanemab,8.925,muscle,9.84996966,0.9034
Lecanemab,8.925,fat,7.27404659,0.6662
Lecanemab,8.925,brain,8.20231488,0.7628
Lecanemab,8.925,gut,8.77321336,0.8162
Lecanemab,9.166,blood,13.35090334,1.0
Lecanemab,9.166,lung,9.01856828,0.8443
Lecanemab,9.166,liver,8.43107496,0.789
Lecanemab,9.166,kidney,9.32912594,0.8734
Lecanemab,9.166,muscle,9.78962156,0.9034
Lecanemab,9.166,fat,7.22948061,0.6662
Lecanemab,9.166,brain,8.15206169,0.7628
Lecanemab,9.166,gut,8.71946289,0.8162
Lecanemab,9.407,blood,13.26911074,1.0
Lecanemab,9.407,lung,8.96329918,0.8443
Lecanemab,9.407,liver,8.37941949,0.789
Lecanemab,9.407,kidney,9.27195903,0.8734
Lecanemab,9.407,muscle,9.72964319,0.9034
Lecanemab,9.407,fat,7.18518762,0.6662
Lecanemab,9.407,brain,8.10211588,0.7628
Lecanemab,9.407,gut,8.66603957,0.8162
Lecanemab,9.648,blood,13.1878176,1.0
Lecanemab,9.648,lung,8.9083739,0.8443
Lecanemab,9.648,liver,8.32808071,0.789
Lecanemab,9.648,kidney,9.21514585,0.8734
Lecanemab,9.648,muscle,9.67003231,0.9034
Lecanemab,9.648,fat,7.14116599,0.6662
Lecanemab,9.648,brain,8.05247621,0.7628
Lecanemab,9.648,gut,8.61294411,0.8162
Lecanemab,9.889,blood,13.10702089,1.0
Lecanemab,9.889,lung,8.85379028,0.8443
Lecanemab,9.889,liver,8.27705667,0.789
Lecanemab,9.889,kidney,9.15868419,0.8734
Lecanemab,9.889,muscle,9.61078666,0.9034
Lecanemab,9.889,fat,7.09741406,0.6662
Lecanemab,9.889,brain,8.00314079,0.7628
Lecanemab,9.889,gut,8.5601745,0.8162
Lecanemab,10.131,blood,13.02671607,1.0
Lecanemab,10.131,lung,8.79955092,0.8443
Lecanemab,10.131,liver,8.22634563,0.789
Lecanemab,10.131,kidney,9.10257505,0.8734
Lecanemab,10.131,muscle,9.551904,0.9034
Lecanemab,10.131,fat,7.05393018,0.6662
Lecanemab,10.131,brain,7.95410788,0.7628
Lecanemab,10.131,gut,8.50772923,0.8162
Lecanemab,10.372,blood,12.94690217,1.0
Lecanemab,10.372,lung,8.74564725,0.8443
Lecanemab,10.372,liver,8.17594542,0.789
Lecanemab,10.372,kidney,9.04681195,0.8734
Lecanemab,10.372,muscle,9.49338212,0.9034
Lecanemab,10.372,fat,7.01071271,0.6662
Lecanemab,10.372,brain,7.90537546,0.7628
Lecanemab,10.372,gut,8.45560564,0.8162
Lecanemab,10.613,blood,12.86757848,1.0
Lecanemab,10.613,lung,8.69207004,0.8443
Lecanemab,10.613,liver,8.12585385,0.789
Lecanemab,10.613,kidney,8.99138795,0.8734
Lecanemab,10.613,muscle,9.43521878,0.9034
Lecanemab,10.613,fat,6.96776001,0.6662
Lecanemab,10.613,brain,7.85694152,0.7628
Lecanemab,10.613,gut,8.40380099,0.8162
Lecanemab,10.854,blood,12.78874088,1.0
Lecanemab,10.854,lung,8.63882078,0.8443
Lecanemab,10.854,liver,8.07606916,0.789
Lecanemab,10.854,kidney,8.93630331,0.8734
Lecanemab,10.854,muscle,9.37741179,0.9034
Lecanemab,10.854,fat,6.92507047,0.6662
Lecanemab,10.854,brain,7.80880432,0.7628
Lecanemab,10.854,gut,8.35231371,0.8162
Lecanemab,11.095,blood,12.71038708,1.0
Lecanemab,11.095,lung,8.5858953,0.8443
Lecanemab,11.095,liver,8.02658939,0.789
Lecanemab,11.095,kidney,8.8815545,0.8734
Lecanemab,11.095,muscle,9.31995897,0.9034
Lecanemab,11.095,fat,6.88264248,0.6662
Lecanemab,11.095,brain,7.76096198,0.7628
Lecanemab,11.095,gut,8.30114161,0.8162
Lecanemab,11.337,blood,12.63251422,1.0
Lecanemab,11.337,lung,8.53329128,0.8443
Lecanemab,11.337,liver,7.97741266,0.789
Lecanemab,11.337,kidney,8.82713926,0.8734
Lecanemab,11.337,muscle,9.26285814,0.9034
Lecanemab,11.337,fat,6.84047442,0.6662
Lecanemab,11.337,brain,7.71341268,0.7628
Lecanemab,11.337,gut,8.25028273,0.8162
Lecanemab,11.578,blood,12.55512027,1.0
Lecanemab,11.578,lung,8.48100391,0.8443
Lecanemab,11.578,liver,7.928537,0.789
Lecanemab,11.578,kidney,8.77305363,0.8734
Lecanemab,11.578,muscle,9.20610715,0.9034
Lecanemab,11.578,fat,6.79856471,0.6662
Lecanemab,11.578,brain,7.66615457,0.7628
Lecanemab,11.578,gut,8.19973486,0.8162
Lecanemab,11.819,blood,12.47820571,1.0
Lecanemab,11.819,lung,8.42902048,0.8443
Lecanemab,11.819,liver,7.87996014,0.789
Lecanemab,11.819,kidney,8.71928836,0.8734
Lecanemab,11.819,muscle,9.14970383,0.9034
Lecanemab,11.819,fat,6.75691176,0.6662
Lecanemab,11.819,brain,7.61918559,0.7628
Lecanemab,11.819,gut,8.14949494,0.8162
Lecanemab,12.06,blood,12.40175166,1.0
Lecanemab,12.06,lung,8.37738922,0.8443
Lecanemab,12.06,liver,7.83168223,0.789
Lecanemab,12.06,kidney,8.66587507,0.8734
Lecanemab,12.06,muscle,9.09364613,0.9034
Lecanemab,12.06,fat,6.71551403,0.6662
Lecanemab,12.06,brain,7.57250521,0.7628
Lecanemab,12.06,gut,8.0995664,0.8162
Lecanemab,12.302,blood,12.32576835,1.0
Lecanemab,12.302,lung,8.326067,0.8443
Lecanemab,12.302,liver,7.78369981,0.789
Lecanemab,12.302,kidney,8.61278414,0.8734
Lecanemab,12.302,muscle,9.03793186,0.9034
Lecanemab,12.302,fat,6.67436992,0.6662
Lecanemab,12.302,brain,7.52611064,0.7628
Lecanemab,12.302,gut,8.04994297,0.8162
Lecanemab,12.543,blood,12.2502497,1.0
Lecanemab,12.543,lung,8.27506194,0.8443
Lecanemab,12.543,liver,7.73601148,0.789
Lecanemab,12.543,kidney,8.56002031,0.8734
Lecanemab,12.543,muscle,8.98255894,0.9034
Lecanemab,12.543,fat,6.6334779,0.6662
Lecanemab,12.543,brain,7.48000039,0.7628
Lecanemab,12.543,gut,8.00062387,0.8162
Lecanemab,12.784,blood,12.1751944,1.0
Lecanemab,12.784,lung,8.22436726,0.8443
Lecanemab,12.784,liver,7.68861524,0.789
Lecanemab,12.784,kidney,8.50757834,0.8734
Lecanemab,12.784,muscle,8.92752528,0.9034
Lecanemab,12.784,fat,6.59283641,0.6662
Lecanemab,12.784,brain,7.43417259,0.7628
Lecanemab,12.784,gut,7.95160671,0.8162
Lecanemab,13.025,blood,12.10060002,1.0
Lecanemab,13.025,lung,8.17397981,0.8443
Lecanemab,13.025,liver,7.64150925,0.789
Lecanemab,13.025,kidney,8.45545541,0.8734
Lecanemab,13.025,muscle,8.87282879,0.9034
Lecanemab,13.025,fat,6.55244391,0.6662
Lecanemab,13.025,brain,7.38862549,0.7628
Lecanemab,13.025,gut,7.90288951,0.8162
Lecanemab,13.266,blood,12.02646038,1.0
Lecanemab,13.266,lung,8.12390823,0.8443
Lecanemab,13.266,liver,7.59469214,0.789
Lecanemab,13.266,kidney,8.40365661,0.8734
Lecanemab,13.266,muscle,8.81846742,0.9034
Lecanemab,13.266,fat,6.5122989,0.6662
Lecanemab,13.266,brain,7.34335761,0.7628
Lecanemab,13.266,gut,7.85447154,0.8162
Lecanemab,13.508,blood,11.95277884,1.0
Lecanemab,13.508,lung,8.07413127,0.8443
Lecanemab,13.508,liver,7.54816139,0.789
Lecanemab,13.508,kidney,8.35216703,0.8734
Lecanemab,13.508,muscle,8.76443909,0.9034
Lecanemab,13.508,fat,6.47239983,0.6662
Lecanemab,13.508,brain,7.29836678,0.7628
Lecanemab,13.508,gut,7.80634892,0.8162
Lecanemab,13.749,blood,11.8795496,1.0
Lecanemab,13.749,lung,8.02465655,0.8443
Lecanemab,13.749,liver,7.50191562,0.789
Lecanemab,13.749,kidney,8.30099109,0.8734
Lecanemab,13.749,muscle,8.71074177,0.9034
Lecanemab,13.749,fat,6.43274521,0.6662
Lecanemab,13.749,brain,7.25365153,0.7628
Lecanemab,13.749,gut,7.75852086,0.8162
Lecanemab,13.99,blood,11.80676924,1.0
Lecanemab,13.99,lung,7.97548422,0.8443
Lecanemab,13.99,liver,7.45595315,0.789
Lecanemab,13.99,kidney,8.2501282,0.8734
Lecanemab,13.99,muscle,8.65737344,0.9034
Lecanemab,13.99,fat,6.39333354,0.6662
Lecanemab,13.99,brain,7.20921021,0.7628
Lecanemab,13.99,gut,7.71098575,0.8162
Lecanemab,14.231,blood,11.73443495,1.0
Lecanemab,14.231,lung,7.92661263,0.8443
Lecanemab,14.231,liver,7.41027226,0.789
Lecanemab,14.231,kidney,8.19957658,0.8734
Lecanemab,14.231,muscle,8.60433209,0.9034
Lecanemab,14.231,fat,6.35416334,0.6662
Lecanemab,14.231,brain,7.16504117,0.7628
Lecanemab,14.231,gut,7.66374181,0.8162
Lecanemab,14.472,blood,11.66253858,1.0
Lecanemab,14.472,lung,7.878057,0.8443
Lecanemab,14.472,liver,7.36487189,0.789
Lecanemab,14.472,kidney,8.14934575,0.8734
Lecanemab,14.472,muscle,8.55161572,0.9034
Lecanemab,14.472,fat,6.31523314,0.6662
Lecanemab,14.472,brain,7.12114314,0.7628
Lecanemab,14.472,gut,7.61678908,0.8162
Lecanemab,14.714,blood,11.59108411,1.0
Lecanemab,14.714,lung,7.82979439,0.8443
Lecanemab,14.714,liver,7.31974951,0.789
Lecanemab,14.714,kidney,8.09941968,0.8734
Lecanemab,14.714,muscle,8.49922233,0.9034
Lecanemab,14.714,fat,6.27654144,0.6662
Lecanemab,14.714,brain,7.07751396,0.7628
Lecanemab,14.714,gut,7.57012354,0.8162
Lecanemab,14.955,blood,11.52006762,1.0
Lecanemab,14.955,lung,7.78182686,0.8443
Lecanemab,14.955,liver,7.27490356,0.789
Lecanemab,14.955,kidney,8.04979909,0.8734
Lecanemab,14.955,muscle,8.44714993,0.9034
Lecanemab,14.955,fat,6.2380868,0.6662
Lecanemab,14.955,brain,7.03415206,0.7628
Lecanemab,14.955,gut,7.52374384,0.8162
Lecanemab,15.196,blood,11.44948695,1.0
Lecanemab,15.196,lung,7.73415096,0.8443
Lecanemab,15.196,liver,7.23033227,0.789
Lecanemab,15.196,kidney,8.000481,0.8734
Lecanemab,15.196,muscle,8.39539657,0.9034
Lecanemab,15.196,fat,6.19986776,0.6662
Lecanemab,15.196,brain,6.99105577,0.7628
Lecanemab,15.196,gut,7.47764806,0.8162
Lecanemab,15.437,blood,11.3793393,1.0
Lecanemab,15.437,lung,7.6867653,0.8443
Lecanemab,15.437,liver,7.18603399,0.789
Lecanemab,15.437,kidney,7.95146382,0.8734
Lecanemab,15.437,muscle,8.34396028,0.9034
Lecanemab,15.437,fat,6.16188287,0.6662
Lecanemab,15.437,brain,6.94822348,0.7628
Lecanemab,15.437,gut,7.43183449,0.8162
Lecanemab,15.678,blood,11.30962317,1.0
Lecanemab,15.678,lung,7.63966446,0.8443
Lecanemab,15.678,liver,7.14200689,0.789
Lecanemab,15.678,kidney,7.90274327,0.8734
Lecanemab,15.678,muscle,8.29283912,0.9034
Lecanemab,15.678,fat,6.12413071,0.6662
Lecanemab,15.678,brain,6.90565348,0.7628
Lecanemab,15.678,gut,7.38630104,0.8162
Lecanemab,15.92,blood,11.24033538,1.0
Lecanemab,15.92,lung,7.59284841,0.8443
Lecanemab,15.92,liver,7.09824938,0.789
Lecanemab,15.92,kidney,7.85431869,0.8734
Lecanemab,15.92,muscle,8.24203117,0.9034
Lecanemab,15.92,fat,6.08660984,0.6662
Lecanemab,15.92,brain,6.86334419,0.7628
Lecanemab,15.92,gut,7.34104615,0.8162
Lecanemab,16.161,blood,11.17146972,1.0
Lecanemab,16.161,lung,7.54632666,0.8443
Lecanemab,16.161,liver,7.05476026,0.789
Lecanemab,16.161,kidney,7.80619579,0.8734
Lecanemab,16.161,muscle,8.19153451,0.9034
Lecanemab,16.161,fat,6.04931885,0.6662
Lecanemab,16.161,brain,6.82129431,0.7628
Lecanemab,16.161,gut,7.29606932,0.8162
Lecanemab,16.402,blood,11.10302349,1.0
Lecanemab,16.402,lung,7.50009776,0.8443
Lecanemab,16.402,liver,7.0115379,0.789
Lecanemab,16.402,kidney,7.75837297,0.8734
Lecanemab,16.402,muscle,8.14134723,0.9034
Lecanemab,16.402,fat,6.01225634,0.6662
Lecanemab,16.402,brain,6.77950225,0.7628
Lecanemab,16.402,gut,7.25136888,0.8162
Lecanemab,16.643,blood,11.0349954,1.0
Lecanemab,16.643,lung,7.45415589,0.8443
Lecanemab,16.643,liver,6.9685805,0.789
Lecanemab,16.643,kidney,7.71084569,0.8734
Lecanemab,16.643,muscle,8.09146745,0.9034
Lecanemab,16.643,fat,5.97542091,0.6662
Lecanemab,16.643,brain,6.73796633,0.7628
Lecanemab,16.643,gut,7.20694271,0.8162
Lecanemab,16.884,blood,10.96738641,1.0
Lecanemab,16.884,lung,7.4084882,0.8443
Lecanemab,16.884,liver,6.925886,0.789
Lecanemab,16.884,kidney,7.66360472,0.8734
Lecanemab,16.884,muscle,8.04189325,0.9034
Lecanemab,16.884,fat,5.93881115,0.6662
Lecanemab,16.884,brain,6.69668471,0.7628
Lecanemab,16.884,gut,7.16278795,0.8162
Lecanemab,17.126,blood,10.90019103,1.0
Lecanemab,17.126,lung,7.36310228,0.8443
Lecanemab,17.126,liver,6.88345315,0.789
Lecanemab,17.126,kidney,7.6166545,0.8734
Lecanemab,17.126,muscle,7.99262279,0.9034
Lecanemab,17.126,fat,5.90242569,0.6662
Lecanemab,17.126,brain,6.65565605,0.7628
Lecanemab,17.126,gut,7.11890392,0.8162
Lecanemab,17.367,blood,10.8334081,1.0
Lecanemab,17.367,lung,7.31799202,0.8443
Lecanemab,17.367,liver,6.84128018,0.789
Lecanemab,17.367,kidney,7.56999031,0.8734
Lecanemab,17.367,muscle,7.94365419,0.9034
Lecanemab,17.367,fat,5.86626315,0.6662
Lecanemab,17.367,brain,6.61487872,0.7628
Lecanemab,17.367,gut,7.07528851,0.8162
Lecanemab,17.608,blood,10.76703509,1.0
Lecanemab,17.608,lung,7.27315572,0.8443
Lecanemab,17.608,liver,6.7993655,0.789
Lecanemab,17.608,kidney,7.52361041,0.8734
Lecanemab,17.608,muscle,7.8949856,0.9034
Lecanemab,17.608,fat,5.83032217,0.6662
Lecanemab,17.608,brain,6.57435115,0.7628
Lecanemab,17.608,gut,7.03194006,0.8162
Lecanemab,17.849,blood,10.70106933,1.0
Lecanemab,17.849,lung,7.22859226,0.8443
Lecanemab,17.849,liver,6.75770755,0.789
Lecanemab,17.849,kidney,7.47751342,0.8734
Lecanemab,17.849,muscle,7.84661519,0.9034
Lecanemab,17.849,fat,5.79460138,0.6662
Lecanemab,17.849,brain,6.53407184,0.7628
Lecanemab,17.849,gut,6.988857,0.8162
Lecanemab,18.09,blood,10.63551047,1.0
Lecanemab,18.09,lung,7.18429322,0.8443
Lecanemab,18.09,liver,6.71630448,0.789
Lecanemab,18.09,kidney,7.43169309,0.8734
Lecanemab,18.09,muscle,7.79854113,0.9034
Lecanemab,18.09,fat,5.75909945,0.6662
Lecanemab,18.09,brain,6.49403909,0.7628
Lecanemab,18.09,gut,6.94603698,0.8162
Lecanemab,18.332,blood,10.5703511,1.0
Lecanemab,18.332,lung,7.14027238,0.8443
Lecanemab,18.332,liver,6.67515534,0.789
Lecanemab,18.332,kidney,7.38615803,0.8734
Lecanemab,18.332,muscle,7.75076161,0.9034
Lecanemab,18.332,fat,5.72381502,0.6662
Lecanemab,18.332,brain,6.45425179,0.7628
Lecanemab,18.332,gut,6.90348003,0.8162
Lecanemab,18.573,blood,10.50558688,1.0
Lecanemab,18.573,lung,7.09653401,0.8443
Lecanemab,18.573,liver,6.63425882,0.789
Lecanemab,18.573,kidney,7.34091051,0.8734
Lecanemab,18.573,muscle,7.70327483,0.9034
Lecanemab,18.573,fat,5.68874679,0.6662
Lecanemab,18.573,brain,6.41470856,0.7628
Lecanemab,18.573,gut,6.86118516,0.8162
Lecanemab,18.814,blood,10.44122027,1.0
Lecanemab,18.814,lung,7.05306107,0.8443
Lecanemab,18.814,liver,6.59361276,0.789
Lecanemab,18.814,kidney,7.2959385,0.8734
Lecanemab,18.814,muscle,7.65607899,0.9034
Lecanemab,18.814,fat,5.65389341,0.6662
Lecanemab,18.814,brain,6.37540754,0.7628
Lecanemab,18.814,gut,6.81914916,0.8162
Lecanemab,19.055,blood,10.37724852,1.0
Lecanemab,19.055,lung,7.00985287,0.8443
Lecanemab,19.055,liver,6.55321567,0.789
Lecanemab,19.055,kidney,7.25124095,0.8734
Lecanemab,19.055,muscle,7.6091723,0.9034
Lecanemab,19.055,fat,5.61925356,0.6662
Lecanemab,19.055,brain,6.33634727,0.7628
Lecanemab,19.055,gut,6.77737053,0.8162
Lecanemab,19.296,blood,10.31367012,1.0
Lecanemab,19.296,lung,6.96690495,0.8443
Lecanemab,19.296,liver,6.5130659,0.789
Lecanemab,19.296,kidney,7.20681427,0.8734
Lecanemab,19.296,muscle,7.562553,0.9034
Lecanemab,19.296,fat,5.58482594,0.6662
Lecanemab,19.296,brain,6.2975262,0.7628
Lecanemab,19.296,gut,6.73584739,0.8162
Lecanemab,19.538,blood,10.25048086,1.0
Lecanemab,19.538,lung,6.92422139,0.8443
Lecanemab,19.538,liver,6.47316217,0.789
Lecanemab,19.538,kidney,7.1626606,0.8734
Lecanemab,19.538,muscle,7.51621931,0.9034
Lecanemab,19.538,fat,5.55060924,0.6662
Lecanemab,19.538,brain,6.25894301,0.7628
Lecanemab,19.538,gut,6.69457878,0.8162
Lecanemab,19.779,blood,10.18767853,1.0
Lecanemab,19.779,lung,6.88180003,0.8443
Lecanemab,19.779,liver,6.43350294,0.789
Lecanemab,19.779,kidney,7.11877792,0.8734
Lecanemab,19.779,muscle,7.47016951,0.9034
Lecanemab,19.779,fat,5.51660219,0.6662
Lecanemab,19.779,brain,6.22059622,0.7628
Lecanemab,19.779,gut,6.65356309,0.8162
Lecanemab,20.02,blood,10.12526328,1.0
Lecanemab,20.02,lung,6.8396313,0.8443
Lecanemab,20.02,liver,6.3940864,0.789
Lecanemab,20.02,kidney,7.07515922,0.8734
Lecanemab,20.02,muscle,7.42440183,0.9034
Lecanemab,20.02,fat,5.48280348,0.6662
Lecanemab,20.02,brain,6.1824842,0.7628
Lecanemab,20.02,gut,6.61279793,0.8162
Lecanemab,20.261,blood,10.06323027,1.0
Lecanemab,20.261,lung,6.79772142,0.8443
Lecanemab,20.261,liver,6.35491138,0.789
Lecanemab,20.261,kidney,7.03180808,0.8734
Lecanemab,20.261,muscle,7.37891455,0.9034
Lecanemab,20.261,fat,5.44921185,0.6662
Lecanemab,20.261,brain,6.14460568,0.7628
Lecanemab,20.261,gut,6.57228257,0.8162
Lecanemab,20.503,blood,10.00157623,1.0
Lecanemab,20.503,lung,6.75607177,0.8443
Lecanemab,20.503,liver,6.31597651,0.789
Lecanemab,20.503,kidney,6.98872487,0.8734
Lecanemab,20.503,muscle,7.33370597,0.9034
Lecanemab,20.503,fat,5.41582602,0.6662
Lecanemab,20.503,brain,6.10695933,0.7628
Lecanemab,20.503,gut,6.5320158,0.8162
Lecanemab,20.744,blood,9.94029707,1.0
Lecanemab,20.744,lung,6.71468624,0.8443
Lecanemab,20.744,liver,6.27728054,0.789
Lecanemab,20.744,kidney,6.94591161,0.8734
Lecanemab,20.744,muscle,7.28877438,0.9034
Lecanemab,20.744,fat,5.38264475,0.6662
Lecanemab,20.744,brain,6.06954384,0.7628
Lecanemab,20.744,gut,6.49199668,0.8162
Lecanemab,20.985,blood,9.8793956,1.0
Lecanemab,20.985,lung,6.67354721,0.8443
Lecanemab,20.985,liver,6.23882137,0.789
Lecanemab,20.985,kidney,6.90335592,0.8734
Lecanemab,20.985,muscle,7.24411806,0.9034
Lecanemab,20.985,fat,5.34966677,0.6662
Lecanemab,20.985,brain,6.03235742,0.7628
Lecanemab,20.985,gut,6.452222,0.8162
Lecanemab,21.226,blood,9.81886638,1.0
Lecanemab,21.226,lung,6.63266298,0.8443
Lecanemab,21.226,liver,6.20059794,0.789
Lecanemab,21.226,kidney,6.86106281,0.8734
Lecanemab,21.226,muscle,7.19973534,0.9034
Lecanemab,21.226,fat,5.31689083,0.6662
Lecanemab,21.226,brain,5.99539889,0.7628
Lecanemab,21.226,gut,6.41269131,0.8162
Lecanemab,21.467,blood,9.75870865,1.0
Lecanemab,21.467,lung,6.59202724,0.8443
Lecanemab,21.467,liver,6.16260861,0.789
Lecanemab,21.467,kidney,6.81902747,0.8734
Lecanemab,21.467,muscle,7.15562455,0.9034
Lecanemab,21.467,fat,5.2843157,0.6662
Lecanemab,21.467,brain,5.95866675,0.7628
Lecanemab,21.467,gut,6.37340259,0.8162
Lecanemab,21.709,blood,9.69892023,1.0
Lecanemab,21.709,lung,6.55163813,0.8443
Lecanemab,21.709,liver,6.12485194,0.789
Lecanemab,21.709,kidney,6.77724811,0.8734
Lecanemab,21.709,muscle,7.111784,0.9034
Lecanemab,21.709,fat,5.25194015,0.6662
Lecanemab,21.709,brain,5.9221596,0.7628
Lecanemab,21.709,gut,6.33435434,0.8162
Lecanemab,21.95,blood,9.63949845,1.0
Lecanemab,21.95,lung,6.51149538,0.8443
Lecanemab,21.95,liver,6.08732655,0.789
Lecanemab,21.95,kidney,6.73572399,0.8734
Lecanemab,21.95,muscle,7.06821205,0.9034
Lecanemab,21.95,fat,5.21976296,0.6662
Lecanemab,21.95,brain,5.88587609,0.7628
Lecanemab,21.95,gut,6.29554521,0.8162
Lecanemab,22.191,blood,9.58044334,1.0
Lecanemab,22.191,lung,6.47159044,0.8443
Lecanemab,22.191,liver,6.05003075,0.789
Lecanemab,22.191,kidney,6.69444883,0.8734
Lecanemab,22.191,muscle,7.02490705,0.9034
Lecanemab,22.191,fat,5.1877829,0.6662
Lecanemab,22.191,brain,5.84981468,0.7628
Lecanemab,22.191,gut,6.25697299,0.8162
Lecanemab,22.432,blood,9.52174688,1.0
Lecanemab,22.432,lung,6.43193988,0.8443
Lecanemab,22.432,liver,6.01296384,0.789
Lecanemab,22.432,kidney,6.65343318,0.8734
Lecanemab,22.432,muscle,6.98186737,0.9034
Lecanemab,22.432,fat,5.15599878,0.6662
Lecanemab,22.432,brain,5.81397445,0.7628
Lecanemab,22.432,gut,6.21863815,0.8162
Lecanemab,22.673,blood,9.46340806,1.0
Lecanemab,22.673,lung,6.39253849,0.8443
Lecanemab,22.673,liver,5.97612427,0.789
Lecanemab,22.673,kidney,6.612673,0.8734
Lecanemab,22.673,muscle,6.9390914,0.9034
Lecanemab,22.673,fat,5.1244094,0.6662
Lecanemab,22.673,brain,5.77835396,0.7628
Lecanemab,22.673,gut,6.18053882,0.8162
Lecanemab,22.915,blood,9.40542607,1.0
Lecanemab,22.915,lung,6.35338037,0.8443
Lecanemab,22.915,liver,5.93951049,0.789
Lecanemab,22.915,kidney,6.57216379,0.8734
Lecanemab,22.915,muscle,6.8965775,0.9034
Lecanemab,22.915,fat,5.09301355,0.6662
Lecanemab,22.915,brain,5.74295175,0.7628
Lecanemab,22.915,gut,6.14267312,0.8162
Lecanemab,23.156,blood,9.3477993,1.0
Lecanemab,23.156,lung,6.31446221,0.8443
Lecanemab,23.156,liver,5.90312103,0.789
Lecanemab,23.156,kidney,6.53190281,0.8734
Lecanemab,23.156,muscle,6.85432408,0.9034
Lecanemab,23.156,fat,5.06181007,0.6662
Lecanemab,23.156,brain,5.70776644,0.7628
Lecanemab,23.156,gut,6.10503942,0.8162
Lecanemab,23.397,blood,9.29052923,1.0
Lecanemab,23.397,lung,6.27577106,0.8443
Lecanemab,23.397,liver,5.86695406,0.789
Lecanemab,23.397,kidney,6.49188084,0.8734
Lecanemab,23.397,muscle,6.81232951,0.9034
Lecanemab,23.397,fat,5.03079774,0.6662
Lecanemab,23.397,brain,5.67279642,0.7628
Lecanemab,23.397,gut,6.06763508,0.8162
Lecanemab,23.638,blood,9.23360798,1.0
Lecanemab,23.638,lung,6.23732346,0.8443
Lecanemab,23.638,liver,5.83100894,0.789
Lecanemab,23.638,kidney,6.45210842,0.8734
Lecanemab,23.638,muscle,6.77059225,0.9034
Lecanemab,23.638,fat,4.99997543,0.6662
Lecanemab,23.638,brain,5.63804082,0.7628
Lecanemab,23.638,gut,6.0304606,0.8162
Lecanemab,23.879,blood,9.17703662,1.0
Lecanemab,23.879,lung,6.19910775,0.8443
Lecanemab,23.879,liver,5.7952839,0.789
Lecanemab,23.879,kidney,6.41257723,0.8734
Lecanemab,23.879,muscle,6.72911069,0.9034
Lecanemab,23.879,fat,4.96934196,0.6662
Lecanemab,23.879,brain,5.60349806,0.7628
Lecanemab,23.879,gut,5.99351348,0.8162
Lecanemab,24.121,blood,9.12081233,1.0
Lecanemab,24.121,lung,6.16112475,0.8443
Lecanemab,24.121,liver,5.75977768,0.789
Lecanemab,24.121,kidney,6.37328728,0.8734
Lecanemab,24.121,muscle,6.68788327,0.9034
Lecanemab,24.121,fat,4.93889616,0.6662
Lecanemab,24.121,brain,5.5691669,0.7628
Lecanemab,24.121,gut,5.95679258,0.8162
Lecanemab,24.362,blood,9.06493263,1.0
Lecanemab,24.362,lung,6.12337406,0.8443
Lecanemab,24.362,liver,5.72448898,0.789
Lecanemab,24.362,kidney,6.33423778,0.8734
Lecanemab,24.362,muscle,6.64690845,0.9034
Lecanemab,24.362,fat,4.9086369,0.6662
Lecanemab,24.362,brain,5.53504607,0.7628
Lecanemab,24.362,gut,5.92029661,0.8162
Lecanemab,24.603,blood,9.00939649,1.0
Lecanemab,24.603,lung,6.08585089,0.8443
Lecanemab,24.603,liver,5.68941633,0.789
Lecanemab,24.603,kidney,6.29542499,0.8734
Lecanemab,24.603,muscle,6.60618466,0.9034
Lecanemab,24.603,fat,4.87856303,0.6662
Lecanemab,24.603,brain,5.50113419,0.7628
Lecanemab,24.603,gut,5.88402385,0.8162
Lecanemab,24.844,blood,8.95419596,1.0
Lecanemab,24.844,lung,6.04857219,0.8443
Lecanemab,24.844,liver,5.65455915,0.789
Lecanemab,24.844,kidney,6.25685977,0.8734
Lecanemab,24.844,muscle,6.56571039,0.9034
Lecanemab,24.844,fat,4.84867342,0.6662
Lecanemab,24.844,brain,5.46743044,0.7628
Lecanemab,24.844,gut,5.84797486,0.8162
Lecanemab,25.085,blood,8.89933539,1.0
Lecanemab,25.085,lung,6.01151638,0.8443
Lecanemab,25.085,liver,5.6199153,0.789
Lecanemab,25.085,kidney,6.21852713,0.8734
Lecanemab,25.085,muscle,6.52548409,0.9034
Lecanemab,25.085,fat,4.81896693,0.6662
Lecanemab,25.085,brain,5.43393305,0.7628
Lecanemab,25.085,gut,5.81214615,0.8162
Lecanemab,25.327,blood,8.84481065,1.0
Lecanemab,25.327,lung,5.97468847,0.8443
Lecanemab,25.327,liver,5.58548374,0.789
Lecanemab,25.327,kidney,6.18042994,0.8734
Lecanemab,25.327,muscle,6.48550425,0.9034
Lecanemab,25.327,fat,4.78944245,0.6662
Lecanemab,25.327,brain,5.40064091,0.7628
Lecanemab,25.327,gut,5.77653705,0.8162
Lecanemab,25.568,blood,8.79062097,1.0
Lecanemab,25.568,lung,5.93808307,0.8443
Lecanemab,25.568,liver,5.55126302,0.789
Lecanemab,25.568,kidney,6.14256406,0.8734
Lecanemab,25.568,muscle,6.44576935,0.9034
Lecanemab,25.568,fat,4.76009885,0.6662
Lecanemab,25.568,brain,5.36755267,0.7628
Lecanemab,25.568,gut,5.74114578,0.8162
Lecanemab,25.809,blood,8.73676471,1.0
Lecanemab,25.809,lung,5.90169749,0.8443
Lecanemab,25.809,liver,5.51725177,0.789
Lecanemab,25.809,kidney,6.10492719,0.8734
Lecanemab,25.809,muscle,6.40627789,0.9034
Lecanemab,25.809,fat,4.73093503,0.6662
Lecanemab,25.809,brain,5.33466703,0.7628
Lecanemab,25.809,gut,5.70597087,0.8162
Lecanemab,26.05,blood,8.68323619,1.0
Lecanemab,26.05,lung,5.86554181,0.8443
Lecanemab,26.05,liver,5.48344918,0.789
Lecanemab,26.05,kidney,6.06752559,0.8734
Lecanemab,26.05,muscle,6.36702839,0.9034
Lecanemab,26.05,fat,4.7019499,0.6662
Lecanemab,26.05,brain,5.30198306,0.7628
Lecanemab,26.05,gut,5.67101221,0.8162
Lecanemab,26.291,blood,8.63003735,1.0
Lecanemab,26.291,lung,5.82960225,0.8443
Lecanemab,26.291,liver,5.44985348,0.789
Lecanemab,26.291,kidney,6.03034952,0.8734
Lecanemab,26.291,muscle,6.32801935,0.9034
Lecanemab,26.291,fat,4.67314234,0.6662
Lecanemab,26.291,brain,5.26949919,0.7628
Lecanemab,26.291,gut,5.63626716,0.8162
Lecanemab,26.533,blood,8.57716476,1.0
Lecanemab,26.533,lung,5.79388186,0.8443
Lecanemab,26.533,liver,5.41646357,0.789
Lecanemab,26.533,kidney,5.99340053,0.8734
Lecanemab,26.533,muscle,6.28924931,0.9034
Lecanemab,26.533,fat,4.64451128,0.6662
Lecanemab,26.533,brain,5.23721432,0.7628
Lecanemab,26.533,gut,5.60173488,0.8162
Lecanemab,26.774,blood,8.52461495,1.0
Lecanemab,26.774,lung,5.75838395,0.8443
Lecanemab,26.774,liver,5.38327837,0.789
Lecanemab,26.774,kidney,5.95668036,0.8734
Lecanemab,26.774,muscle,6.25071681,0.9034
Lecanemab,26.774,fat,4.61605563,0.6662
Lecanemab,26.774,brain,5.20512734,0.7628
Lecanemab,26.774,gut,5.56741455,0.8162
Lecanemab,27.015,blood,8.47238619,1.0
Lecanemab,27.015,lung,5.7231064,0.8443
Lecanemab,27.015,liver,5.3502966,0.789
Lecanemab,27.015,kidney,5.92018708,0.8734
Lecanemab,27.015,muscle,6.21242039,0.9034
Lecanemab,27.015,fat,4.58777433,0.6662
Lecanemab,27.015,brain,5.17323701,0.7628
Lecanemab,27.015,gut,5.53330479,0.8162
Lecanemab,27.256,blood,8.42047457,1.0
Lecanemab,27.256,lung,5.68805393,0.8443
Lecanemab,27.256,liver,5.31751726,0.789
Lecanemab,27.256,kidney,5.88392337,0.8734
Lecanemab,27.256,muscle,6.17435861,0.9034
Lecanemab,27.256,fat,4.55966631,0.6662
Lecanemab,27.256,brain,5.14154229,0.7628
Lecanemab,27.256,gut,5.49940497,0.8162
Lecanemab,27.497,blood,8.36888639,1.0
Lecanemab,27.497,lung,5.65319929,0.8443
Lecanemab,27.497,liver,5.28493807,0.789
Lecanemab,27.497,kidney,5.84787051,0.8734
Lecanemab,27.497,muscle,6.13653001,0.9034
Lecanemab,27.497,fat,4.53173048,0.6662
Lecanemab,27.497,brain,5.11004134,0.7628
Lecanemab,27.497,gut,5.46571104,0.8162
Lecanemab,27.739,blood,8.31761244,1.0
Lecanemab,27.739,lung,5.61856397,0.8443
Lecanemab,27.739,liver,5.25255872,0.789
Lecanemab,27.739,kidney,5.8120424,0.8734
Lecanemab,27.739,muscle,6.09893318,0.9034
Lecanemab,27.739,fat,4.50396582,0.6662
Lecanemab,27.739,brain,5.07873353,0.7628
Lecanemab,27.739,gut,5.43222416,0.8162
Lecanemab,27.98,blood,8.26665325,1.0
Lecanemab,27.98,lung,5.58413887,0.8443
Lecanemab,27.98,liver,5.22037767,0.789
Lecanemab,27.98,kidney,5.77643248,0.8734
Lecanemab,27.98,muscle,6.06156669,0.9034
Lecanemab,27.98,fat,4.47637126,0.6662
Lecanemab,27.98,brain,5.04761749,0.7628
Lecanemab,27.98,gut,5.39894224,0.8162
Lecanemab,28.221,blood,8.21600675,1.0
Lecanemab,28.221,lung,5.54992323,0.8443
Lecanemab,28.221,liver,5.18839373,0.789
Lecanemab,28.221,kidney,5.74103975,0.8734
Lecanemab,28.221,muscle,6.02442913,0.9034
Lecanemab,28.221,fat,4.44894576,0.6662
Lecanemab,28.221,brain,5.01669204,0.7628
Lecanemab,28.221,gut,5.36586407,0.8162
Lecanemab,28.462,blood,8.16567046,1.0
Lecanemab,28.462,lung,5.51591748,0.8443
Lecanemab,28.462,liver,5.15660575,0.789
Lecanemab,28.462,kidney,5.70586404,0.8734
Lecanemab,28.462,muscle,5.98751911,0.9034
Lecanemab,28.462,fat,4.42168829,0.6662
Lecanemab,28.462,brain,4.98595608,0.7628
Lecanemab,28.462,gut,5.33298859,0.8162
Lecanemab,28.704,blood,8.11564329,1.0
Lecanemab,28.704,lung,5.48211777,0.8443
Lecanemab,28.704,liver,5.12501244,0.789
Lecanemab,28.704,kidney,5.67090229,0.8734
Lecanemab,28.704,muscle,5.95083522,0.9034
Lecanemab,28.704,fat,4.39459782,0.6662
Lecanemab,28.704,brain,4.95540837,0.7628
Lecanemab,28.704,gut,5.30031429,0.8162
Lecanemab,28.945,blood,8.06591942,1.0
Lecanemab,28.945,lung,5.44853524,0.8443
Lecanemab,28.945,liver,5.09361309,0.789
Lecanemab,28.945,kidney,5.63616152,0.8734
Lecanemab,28.945,muscle,5.91437609,0.9034
Lecanemab,28.945,fat,4.36767333,0.6662
Lecanemab,28.945,brain,4.92504807,0.7628
Lecanemab,28.945,gut,5.26784124,0.8162
Lecanemab,29.186,blood,8.01649975,1.0
Lecanemab,29.186,lung,5.41515986,0.8443
Lecanemab,29.186,liver,5.06240617,0.789
Lecanemab,29.186,kidney,5.60163452,0.8734
Lecanemab,29.186,muscle,5.87814034,0.9034
Lecanemab,29.186,fat,4.3409138,0.6662
Lecanemab,29.186,brain,4.89487381,0.7628
Lecanemab,29.186,gut,5.23556729,0.8162
Lecanemab,29.427,blood,7.96738323,1.0
Lecanemab,29.427,lung,5.38198777,0.8443
Lecanemab,29.427,liver,5.03139041,0.789
Lecanemab,29.427,kidney,5.56731827,0.8734
Lecanemab,29.427,muscle,5.8421266,0.9034
Lecanemab,29.427,fat,4.31431822,0.6662
Lecanemab,29.427,brain,4.86488439,0.7628
Lecanemab,29.427,gut,5.20349095,0.8162
Lecanemab,29.668,blood,7.91856822,1.0
Lecanemab,29.668,lung,5.34901708,0.8443
Lecanemab,29.668,liver,5.00056459,0.789
Lecanemab,29.668,kidney,5.53321103,0.8734
Lecanemab,29.668,muscle,5.8063335,0.9034
Lecanemab,29.668,fat,4.28788558,0.6662
Lecanemab,29.668,brain,4.83507866,0.7628
Lecanemab,29.668,gut,5.17161093,0.8162
Lecanemab,29.91,blood,7.8700559,1.0
Lecanemab,29.91,lung,5.31623706,0.8443
Lecanemab,29.91,liver,4.96992719,0.789
Lecanemab,29.91,kidney,5.49930517,0.8734
Lecanemab,29.91,muscle,5.77075968,0.9034
Lecanemab,29.91,fat,4.26161488,0.6662
Lecanemab,29.91,brain,4.80545526,0.7628
Lecanemab,29.91,gut,5.13992504,0.8162
Lecanemab,30.151,blood,7.82183773,1.0
Lecanemab,30.151,lung,5.28366752,0.8443
Lecanemab,30.151,liver,4.93947787,0.789
Lecanemab,30.151,kidney,5.4656135,0.8734
Lecanemab,30.151,muscle,5.73540383,0.9034
Lecanemab,30.151,fat,4.23550514,0.6662
Lecanemab,30.151,brain,4.7760136,0.7628
Lecanemab,30.151,gut,5.1084343,0.8162
Lecanemab,30.392,blood,7.77391635,1.0
Lecanemab,30.392,lung,5.25129321,0.8443
Lecanemab,30.392,liver,4.90921494,0.789
Lecanemab,30.392,kidney,5.43212535,0.8734
Lecanemab,30.392,muscle,5.70026458,0.9034
Lecanemab,30.392,fat,4.20955536,0.6662
Lecanemab,30.392,brain,4.74675221,0.7628
Lecanemab,30.392,gut,5.07713604,0.8162
Lecanemab,30.633,blood,7.72628859,1.0
Lecanemab,30.633,lung,5.2191172,0.8443
Lecanemab,30.633,liver,4.87913742,0.789
Lecanemab,30.633,kidney,5.39884235,0.8734
Lecanemab,30.633,muscle,5.66534063,0.9034
Lecanemab,30.633,fat,4.18376457,0.6662
Lecanemab,30.633,brain,4.71767009,0.7628
Lecanemab,30.633,gut,5.04602953,0.8162
Lecanemab,30.874,blood,7.67895223,1.0
Lecanemab,30.874,lung,5.18713957,0.8443
Lecanemab,30.874,liver,4.84924423,0.789
Lecanemab,30.874,kidney,5.3657641,0.8734
Lecanemab,30.874,muscle,5.63063064,0.9034
Lecanemab,30.874,fat,4.15813179,0.6662
Lecanemab,30.874,brain,4.68876619,0.7628
Lecanemab,30.874,gut,5.01511373,0.8162
Lecanemab,31.116,blood,7.63190523,1.0
Lecanemab,31.116,lung,5.15535992,0.8443
Lecanemab,31.116,liver,4.81953426,0.789
Lecanemab,31.116,kidney,5.33288989,0.8734
Lecanemab,31.116,muscle,5.59613331,0.9034
Lecanemab,31.116,fat,4.13265606,0.6662
Lecanemab,31.116,brain,4.66003942,0.7628
Lecanemab,31.116,gut,4.98438757,0.8162
Lecanemab,31.357,blood,7.5851434,1.0
Lecanemab,31.357,lung,5.12378465,0.8443
Lecanemab,31.357,liver,4.7900067,0.789
Lecanemab,31.357,kidney,5.30022358,0.8734
Lecanemab,31.357,muscle,5.56184736,0.9034
Lecanemab,31.357,fat,4.10733642,0.6662
Lecanemab,31.357,brain,4.63148889,0.7628
Lecanemab,31.357,gut,4.95385067,0.8162
Lecanemab,31.598,blood,7.53867228,1.0
Lecanemab,31.598,lung,5.0923896,0.8443
Lecanemab,31.598,liver,4.76065953,0.789
Lecanemab,31.598,kidney,5.26774854,0.8734
Lecanemab,31.598,muscle,5.52777144,0.9034
Lecanemab,31.598,fat,4.0821719,0.6662
Lecanemab,31.598,brain,4.60311296,0.7628
Lecanemab,31.598,gut,4.92349947,0.8162
Lecanemab,31.839,blood,7.49248508,1.0
Lecanemab,31.839,lung,5.06118937,0.8443
Lecanemab,31.839,liver,4.73149226,0.789
Lecanemab,31.839,kidney,5.23547411,0.8734
Lecanemab,31.839,muscle,5.49390431,0.9034
Lecanemab,31.839,fat,4.05716155,0.6662
Lecanemab,31.839,brain,4.57491094,0.7628
Lecanemab,31.839,gut,4.89333449,0.8162
Lecanemab,32.08,blood,7.44658175,1.0
Lecanemab,32.08,lung,5.03017751,0.8443
Lecanemab,32.08,liver,4.70250357,0.789
Lecanemab,32.08,kidney,5.20339556,0.8734
Lecanemab,32.08,muscle,5.46024466,0.9034
Lecanemab,32.08,fat,4.03230444,0.6662
Lecanemab,32.08,brain,4.54688163,0.7628
Lecanemab,32.08,gut,4.86335402,0.8162
Lecanemab,32.322,blood,7.40096063,1.0
Lecanemab,32.322,lung,4.99935261,0.8443
Lecanemab,32.322,liver,4.67369237,0.789
Lecanemab,32.322,kidney,5.17151151,0.8734
Lecanemab,32.322,muscle,5.42679124,0.9034
Lecanemab,32.322,fat,4.00759961,0.6662
Lecanemab,32.322,brain,4.51902398,0.7628
Lecanemab,32.322,gut,4.83355691,0.8162
Lecanemab,32.563,blood,7.35561546,1.0
Lecanemab,32.563,lung,4.96872771,0.8443
Lecanemab,32.563,liver,4.64505813,0.789
Lecanemab,32.563,kidney,5.13983027,0.8734
Lecanemab,32.563,muscle,5.39354279,0.9034
Lecanemab,32.563,fat,3.98304616,0.6662
Lecanemab,32.563,brain,4.49133728,0.7628
Lecanemab,32.563,gut,4.80394354,0.8162
Lecanemab,32.804,blood,7.31055069,1.0
Lecanemab,32.804,lung,4.93828233,0.8443
Lecanemab,32.804,liver,4.61659901,0.789
Lecanemab,32.804,kidney,5.1083377,0.8734
Lecanemab,32.804,muscle,5.36049803,0.9034
Lecanemab,32.804,fat,3.95864312,0.6662
Lecanemab,32.804,brain,4.46382001,0.7628
Lecanemab,32.804,gut,4.77451074,0.8162
Lecanemab,33.045,blood,7.26576082,1.0
Lecanemab,33.045,lung,4.90802727,0.8443
Lecanemab,33.045,liver,4.58831439,0.789
Lecanemab,33.045,kidney,5.07704061,0.8734
Lecanemab,33.045,muscle,5.32765573,0.9034
Lecanemab,33.045,fat,3.93438961,0.6662
Lecanemab,33.045,brain,4.43647142,0.7628
Lecanemab,33.045,gut,4.74525867,0.8162
Lecanemab,33.286,blood,7.2212447,1.0
Lecanemab,33.286,lung,4.87795966,0.8443
Lecanemab,33.286,liver,4.56020315,0.789
Lecanemab,33.286,kidney,5.04593667,0.8734
Lecanemab,33.286,muscle,5.29501465,0.9034
Lecanemab,33.286,fat,3.91028469,0.6662
Lecanemab,33.286,brain,4.40929045,0.7628
Lecanemab,33.286,gut,4.71618605,0.8162
Lecanemab,33.528,blood,7.17700114,1.0
Lecanemab,33.528,lung,4.8480768,0.8443
Lecanemab,33.528,liver,4.53226416,0.789
Lecanemab,33.528,kidney,5.01502365,0.8734
Lecanemab,33.528,muscle,5.26257356,0.9034
Lecanemab,33.528,fat,3.88632745,0.6662
Lecanemab,33.528,brain,4.38227601,0.7628
Lecanemab,33.528,gut,4.6872916,0.8162
Lecanemab,33.769,blood,7.13302675,1.0
Lecanemab,33.769,lung,4.81838302,0.8443
Lecanemab,33.769,liver,4.50449658,0.789
Lecanemab,33.769,kidney,4.98430405,0.8734
Lecanemab,33.769,muscle,5.23033123,0.9034
Lecanemab,33.769,fat,3.862517,0.6662
Lecanemab,33.769,brain,4.35542723,0.7628
Lecanemab,33.769,gut,4.65857481,0.8162
Lecanemab,34.01,blood,7.08932702,1.0
Lecanemab,34.01,lung,4.7888547,0.8443
Lecanemab,34.01,liver,4.47689848,0.789
Lecanemab,34.01,kidney,4.95376162,0.8734
Lecanemab,34.01,muscle,5.19828642,0.9034
Lecanemab,34.01,fat,3.83885241,0.6662
Lecanemab,34.01,brain,4.32874255,0.7628
Lecanemab,34.01,gut,4.63003221,0.8162
Lecanemab,34.251,blood,7.04589323,1.0
Lecanemab,34.251,lung,4.75951293,0.8443
Lecanemab,34.251,liver,4.44946968,0.789
Lecanemab,34.251,kidney,4.9234101,0.8734
Lecanemab,34.251,muscle,5.16643794,0.9034
Lecanemab,34.251,fat,3.81533282,0.6662
Lecanemab,34.251,brain,4.30222149,0.7628
Lecanemab,34.251,gut,4.60166509,0.8162
Lecanemab,34.492,blood,7.00272591,1.0
Lecanemab,34.492,lung,4.73034977,0.8443
Lecanemab,34.492,liver,4.42220889,0.789
Lecanemab,34.492,kidney,4.89324375,0.8734
Lecanemab,34.492,muscle,5.1347846,0.9034
Lecanemab,34.492,fat,3.79195732,0.6662
Lecanemab,34.492,brain,4.27586289,0.7628
Lecanemab,34.492,gut,4.57347165,0.8162
Lecanemab,34.734,blood,6.95982309,1.0
Lecanemab,34.734,lung,4.7013652,0.8443
Lecanemab,34.734,liver,4.39511511,0.789
Lecanemab,34.734,kidney,4.86326217,0.8734
Lecanemab,34.734,muscle,5.10332518,0.9034
Lecanemab,34.734,fat,3.76872504,0.6662
Lecanemab,34.734,brain,4.24966578,0.7628
Lecanemab,34.734,gut,4.54545092,0.8162
Lecanemab,34.975,blood,6.91718232,1.0
Lecanemab,34.975,lung,4.67256075,0.8443
Lecanemab,34.975,liver,4.36818743,0.789
Lecanemab,34.975,kidney,4.83346598,0.8734
Lecanemab,34.975,muscle,5.07205851,0.9034
Lecanemab,34.975,fat,3.7456351,0.6662
Lecanemab,34.975,brain,4.22362923,0.7628
Lecanemab,34.975,gut,4.51760215,0.8162
Lecanemab,35.216,blood,6.87480193,1.0
Lecanemab,35.216,lung,4.64393551,0.8443
Lecanemab,35.216,liver,4.34142484,0.789
Lecanemab,35.216,kidney,4.80385418,0.8734
Lecanemab,35.216,muscle,5.0409834,0.9034
Lecanemab,35.216,fat,3.72268662,0.6662
Lecanemab,35.216,brain,4.19775227,0.7628
Lecanemab,35.216,gut,4.48992428,0.8162
Lecanemab,35.457,blood,6.83268025,1.0
Lecanemab,35.457,lung,4.61548861,0.8443
Lecanemab,35.457,liver,4.31482633,0.789
Lecanemab,35.457,kidney,4.77442577,0.8734
Lecanemab,35.457,muscle,5.01009869,0.9034
Lecanemab,35.457,fat,3.69987875,0.6662
Lecanemab,35.457,brain,4.17203393,0.7628
Lecanemab,35.457,gut,4.4624163,0.8162
Lecanemab,35.698,blood,6.79081698,1.0
Lecanemab,35.698,lung,4.58721491,0.8443
Lecanemab,35.698,liver,4.28839074,0.789
Lecanemab,35.698,kidney,4.74517695,0.8734
Lecanemab,35.698,muscle,4.9794032,0.9034
Lecanemab,35.698,fat,3.67721061,0.6662
Lecanemab,35.698,brain,4.14647312,0.7628
Lecanemab,35.698,gut,4.43507674,0.8162
Lecanemab,35.94,blood,6.74921091,1.0
Lecanemab,35.94,lung,4.55911219,0.8443
Lecanemab,35.94,liver,4.26211702,0.789
Lecanemab,35.94,kidney,4.71610582,0.8734
Lecanemab,35.94,muscle,4.94889576,0.9034
Lecanemab,35.94,fat,3.65468135,0.6662
Lecanemab,35.94,brain,4.12106887,0.7628
Lecanemab,35.94,gut,4.40790444,0.8162
Lecanemab,36.181,blood,6.70786053,1.0
Lecanemab,36.181,lung,4.53117922,0.8443
Lecanemab,36.181,liver,4.23600418,0.789
Lecanemab,36.181,kidney,4.68721117,0.8734
Lecanemab,36.181,muscle,4.91857524,0.9034
Lecanemab,36.181,fat,3.63229013,0.6662
Lecanemab,36.181,brain,4.0958202,0.7628
Lecanemab,36.181,gut,4.38089836,0.8162
Lecanemab,36.422,blood,6.66676629,1.0
Lecanemab,36.422,lung,4.50340857,0.8443
Lecanemab,36.422,liver,4.21005098,0.789
Lecanemab,36.422,kidney,4.65848764,0.8734
Lecanemab,36.422,muscle,4.88844047,0.9034
Lecanemab,36.422,fat,3.61003608,0.6662
Lecanemab,36.422,brain,4.07072601,0.7628
Lecanemab,36.422,gut,4.35405682,0.8162
Lecanemab,36.663,blood,6.62592027,1.0
Lecanemab,36.663,lung,4.47581924,0.8443
Lecanemab,36.663,liver,4.18425722,0.789
Lecanemab,36.663,kidney,4.62994759,0.8734
Lecanemab,36.663,muscle,4.85849034,0.9034
Lecanemab,36.663,fat,3.58791838,0.6662
Lecanemab,36.663,brain,4.04578583,0.7628
Lecanemab,36.663,gut,4.3273809,0.8162
Lecanemab,36.905,blood,6.58532585,1.0
Lecanemab,36.905,lung,4.44839469,0.8443
Lecanemab,36.905,liver,4.15862133,0.789
Lecanemab,36.905,kidney,4.60157954,0.8734
Lecanemab,36.905,muscle,4.82872371,0.9034
Lecanemab,36.905,fat,3.56593619,0.6662
Lecanemab,36.905,brain,4.02099835,0.7628
Lecanemab,36.905,gut,4.30086797,0.8162
Lecanemab,37.146,blood,6.54497964,1.0
Lecanemab,37.146,lung,4.42113975,0.8443
Lecanemab,37.146,liver,4.13314257,0.789
Lecanemab,37.146,kidney,4.57338636,0.8734
Lecanemab,37.146,muscle,4.79913944,0.9034
Lecanemab,37.146,fat,3.54408868,0.6662
Lecanemab,37.146,brain,3.99636278,0.7628
Lecanemab,37.146,gut,4.27451764,0.8162
Lecanemab,37.387,blood,6.50487992,1.0
Lecanemab,37.387,lung,4.394054,0.8443
Lecanemab,37.387,liver,4.10782,0.789
Lecanemab,37.387,kidney,4.54536739,0.8734
Lecanemab,37.387,muscle,4.76973644,0.9034
Lecanemab,37.387,fat,3.52237502,0.6662
Lecanemab,37.387,brain,3.9718782,0.7628
Lecanemab,37.387,gut,4.24832899,0.8162
Lecanemab,37.628,blood,6.46502513,1.0
Lecanemab,37.628,lung,4.36713655,0.8443
Lecanemab,37.628,liver,4.08265266,0.789
Lecanemab,37.628,kidney,4.51752166,0.8734
Lecanemab,37.628,muscle,4.74051358,0.9034
Lecanemab,37.628,fat,3.5007944,0.6662
Lecanemab,37.628,brain,3.94754369,0.7628
Lecanemab,37.628,gut,4.22230104,0.8162
Lecanemab,37.869,blood,6.42541349,1.0
Lecanemab,37.869,lung,4.34038722,0.8443
Lecanemab,37.869,liver,4.05763964,0.789
Lecanemab,37.869,kidney,4.48984868,0.8734
Lecanemab,37.869,muscle,4.71146976,0.9034
Lecanemab,37.869,fat,3.479346,0.6662
Lecanemab,37.869,brain,3.92335834,0.7628
Lecanemab,37.869,gut,4.19643289,0.8162
Lecanemab,38.111,blood,6.38604861,1.0
Lecanemab,38.111,lung,4.31378902,0.8443
Lecanemab,38.111,liver,4.03277937,0.789
Lecanemab,38.111,kidney,4.46233669,0.8734
Lecanemab,38.111,muscle,4.68260388,0.9034
Lecanemab,38.111,fat,3.458029,0.6662
Lecanemab,38.111,brain,3.89932086,0.7628
Lecanemab,38.111,gut,4.17072189,0.8162
Lecanemab,38.352,blood,6.34692406,1.0
Lecanemab,38.352,lung,4.28735644,0.8443
Lecanemab,38.352,liver,4.00807151,0.789
Lecanemab,38.352,kidney,4.43499506,0.8734
Lecanemab,38.352,muscle,4.65391485,0.9034
Lecanemab,38.352,fat,3.43684261,0.6662
Lecanemab,38.352,brain,3.87543072,0.7628
Lecanemab,38.352,gut,4.14516868,0.8162
Lecanemab,38.593,blood,6.30803964,1.0
Lecanemab,38.593,lung,4.26108448,0.8443
Lecanemab,38.593,liver,3.98351498,0.789
Lecanemab,38.593,kidney,4.40782004,0.8734
Lecanemab,38.593,muscle,4.62540158,0.9034
Lecanemab,38.593,fat,3.41578601,0.6662
Lecanemab,38.593,brain,3.85168691,0.7628
Lecanemab,38.593,gut,4.1197719,0.8162
Lecanemab,38.834,blood,6.26939357,1.0
Lecanemab,38.834,lung,4.23497308,0.8443
Lecanemab,38.834,liver,3.95910889,0.789
Lecanemab,38.834,kidney,4.38081125,0.8734
Lecanemab,38.834,muscle,4.59706302,0.9034
Lecanemab,38.834,fat,3.39485843,0.6662
Lecanemab,38.834,brain,3.82808856,0.7628
Lecanemab,38.834,gut,4.09453067,0.8162
Lecanemab,39.075,blood,6.2309808,1.0
Lecanemab,39.075,lung,4.2090326,0.8443
Lecanemab,39.075,liver,3.93485275,0.789
Lecanemab,39.075,kidney,4.35397527,0.8734
Lecanemab,39.075,muscle,4.56889808,0.9034
Lecanemab,39.075,fat,3.37405907,0.6662
Lecanemab,39.075,brain,3.80463506,0.7628
Lecanemab,39.075,gut,4.06944525,0.8162
Lecanemab,39.317,blood,6.19280523,1.0
Lecanemab,39.317,lung,4.18324524,0.8443
Lecanemab,39.317,liver,3.910745,0.789
Lecanemab,39.317,kidney,4.32729981,0.8734
Lecanemab,39.317,muscle,4.5409057,0.9034
Lecanemab,39.317,fat,3.35338714,0.6662
Lecanemab,39.317,brain,3.78132511,0.7628
Lecanemab,39.317,gut,4.0445129,0.8162
Lecanemab,39.558,blood,6.15486285,1.0
Lecanemab,39.558,lung,4.15761803,0.8443
Lecanemab,39.558,liver,3.88678504,0.789
Lecanemab,39.558,kidney,4.30078923,0.8734
Lecanemab,39.558,muscle,4.51308482,0.9034
Lecanemab,39.558,fat,3.33284186,0.6662
Lecanemab,39.558,brain,3.75815803,0.7628
Lecanemab,39.558,gut,4.01973353,0.8162
Lecanemab,39.799,blood,6.11715291,1.0
Lecanemab,39.799,lung,4.13214793,0.8443
Lecanemab,39.799,liver,3.86297187,0.789
Lecanemab,39.799,kidney,4.27444114,0.8734
Lecanemab,39.799,muscle,4.48543439,0.9034
Lecanemab,39.799,fat,3.31242245,0.6662
Lecanemab,39.799,brain,3.73513289,0.7628
Lecanemab,39.799,gut,3.99510599,0.8162
Lecanemab,40.04,blood,6.07967419,1.0
Lecanemab,40.04,lung,4.10683331,0.8443
Lecanemab,40.04,liver,3.83930458,0.789
Lecanemab,40.04,kidney,4.2482541,0.8734
Lecanemab,40.04,muscle,4.45795337,0.9034
Lecanemab,40.04,fat,3.29212815,0.6662
Lecanemab,40.04,brain,3.71224881,0.7628
Lecanemab,40.04,gut,3.97062928,0.8162
Lecanemab,40.281,blood,6.04242451,1.0
Lecanemab,40.281,lung,4.0816756,0.8443
Lecanemab,40.281,liver,3.81578237,0.789
Lecanemab,40.281,kidney,4.22222871,0.8734
Lecanemab,40.281,muscle,4.43064072,0.9034
Lecanemab,40.281,fat,3.27195819,0.6662
Lecanemab,40.281,brain,3.68950497,0.7628
Lecanemab,40.281,gut,3.94630272,0.8162
Lecanemab,40.523,blood,6.0054063,1.0
Lecanemab,40.523,lung,4.05666181,0.8443
Lecanemab,40.523,liver,3.79240386,0.789
Lecanemab,40.523,kidney,4.19635593,0.8734
Lecanemab,40.523,muscle,4.4034954,0.9034
Lecanemab,40.523,fat,3.2519118,0.6662
Lecanemab,40.523,brain,3.66690023,0.7628
Lecanemab,40.523,gut,3.92212412,0.8162
Lecanemab,40.764,blood,5.96861367,1.0
Lecanemab,40.764,lung,4.03180512,0.8443
Lecanemab,40.764,liver,3.76916874,0.789
Lecanemab,40.764,kidney,4.17064425,0.8734
Lecanemab,40.764,muscle,4.37651639,0.9034
Lecanemab,40.764,fat,3.23198823,0.6662
Lecanemab,40.764,brain,3.64443408,0.7628
Lecanemab,40.764,gut,3.89809407,0.8162
Lecanemab,41.005,blood,5.93204642,1.0
Lecanemab,41.005,lung,4.00710083,0.8443
Lecanemab,41.005,liver,3.74607598,0.789
Lecanemab,41.005,kidney,4.14509016,0.8734
Lecanemab,41.005,muscle,4.34970268,0.9034
Lecanemab,41.005,fat,3.21218672,0.6662
Lecanemab,41.005,brain,3.62210557,0.7628
Lecanemab,41.005,gut,3.87421125,0.8162
Lecanemab,41.246,blood,5.89570238,1.0
Lecanemab,41.246,lung,3.98255049,0.8443
Lecanemab,41.246,liver,3.72312481,0.789
Lecanemab,41.246,kidney,4.11969438,0.8734
Lecanemab,41.246,muscle,4.32305324,0.9034
Lecanemab,41.246,fat,3.19250654,0.6662
Lecanemab,41.246,brain,3.59991393,0.7628
Lecanemab,41.246,gut,3.85047503,0.8162
Lecanemab,41.487,blood,5.85958021,1.0
Lecanemab,41.487,lung,3.95815309,0.8443
Lecanemab,41.487,liver,3.70031435,0.789
Lecanemab,41.487,kidney,4.09445588,0.8734
Lecanemab,41.487,muscle,4.29656709,0.9034
Lecanemab,41.487,fat,3.17294693,0.6662
Lecanemab,41.487,brain,3.57785831,0.7628
Lecanemab,41.487,gut,3.8268845,0.8162
Lecanemab,41.729,blood,5.82367878,1.0
Lecanemab,41.729,lung,3.93390694,0.8443
Lecanemab,41.729,liver,3.67764371,0.789
Lecanemab,41.729,kidney,4.0693732,0.8734
Lecanemab,41.729,muscle,4.27024321,0.9034
Lecanemab,41.729,fat,3.15350716,0.6662
Lecanemab,41.729,brain,3.55593786,0.7628
Lecanemab,41.729,gut,3.80343869,0.8162
Lecanemab,41.97,blood,5.78799769,1.0
Lecanemab,41.97,lung,3.90980814,0.8443
Lecanemab,41.97,liver,3.65511192,0.789
Lecanemab,41.97,kidney,4.04444339,0.8734
Lecanemab,41.97,muscle,4.2440806,0.9034
Lecanemab,41.97,fat,3.13418649,0.6662
Lecanemab,41.97,brain,3.53415168,0.7628
Lecanemab,41.97,gut,3.7801364,0.8162
Lecanemab,42.211,blood,5.75253584,1.0
Lecanemab,42.211,lung,3.88585503,0.8443
Lecanemab,42.211,liver,3.63271811,0.789
Lecanemab,42.211,kidney,4.019665,0.8734
Lecanemab,42.211,muscle,4.21807829,0.9034
Lecanemab,42.211,fat,3.11498419,0.6662
Lecanemab,42.211,brain,3.51249894,0.7628
Lecanemab,42.211,gut,3.75697668,0.8162
Lecanemab,42.452,blood,5.7172919,1.0
Lecanemab,42.452,lung,3.86204662,0.8443
Lecanemab,42.452,liver,3.61046141,0.789
Lecanemab,42.452,kidney,3.99503706,0.8734
Lecanemab,42.452,muscle,4.19223528,0.9034
Lecanemab,42.452,fat,3.09589954,0.6662
Lecanemab,42.452,brain,3.4909788,0.7628
Lecanemab,42.452,gut,3.73395862,0.8162
Lecanemab,42.693,blood,5.68226456,1.0
Lecanemab,42.693,lung,3.83838197,0.8443
Lecanemab,42.693,liver,3.58834099,0.789
Lecanemab,42.693,kidney,3.97055859,0.8734
Lecanemab,42.693,muscle,4.16655061,0.9034
Lecanemab,42.693,fat,3.07693181,0.6662
Lecanemab,42.693,brain,3.46959046,0.7628
Lecanemab,42.693,gut,3.71108137,0.8162
Lecanemab,42.935,blood,5.64745351,1.0
Lecanemab,42.935,lung,3.81485703,0.8443
Lecanemab,42.935,liver,3.56635588,0.789
Lecanemab,42.935,kidney,3.94622656,0.8734
Lecanemab,42.935,muscle,4.14102329,0.9034
Lecanemab,42.935,fat,3.05808029,0.6662
Lecanemab,42.935,brain,3.44833303,0.7628
Lecanemab,42.935,gut,3.68834373,0.8162
Lecanemab,43.176,blood,5.61285225,1.0
Lecanemab,43.176,lung,3.79148716,0.8443
Lecanemab,43.176,liver,3.54450591,0.789
Lecanemab,43.176,kidney,3.92205093,0.8734
Lecanemab,43.176,muscle,4.11565238,0.9034
Lecanemab,43.176,fat,3.03934428,0.6662
Lecanemab,43.176,brain,3.42720611,0.7628
Lecanemab,43.176,gut,3.66574655,0.8162
Lecanemab,43.417,blood,5.57846393,1.0
Lecanemab,43.417,lung,3.76825751,0.8443
Lecanemab,43.417,liver,3.52278968,0.789
Lecanemab,43.417,kidney,3.89802143,0.8734
Lecanemab,43.417,muscle,4.09043691,0.9034
Lecanemab,43.417,fat,3.02072305,0.6662
Lecanemab,43.417,brain,3.40620856,0.7628
Lecanemab,43.417,gut,3.6432875,0.8162
Lecanemab,43.658,blood,5.54428575,1.0
Lecanemab,43.658,lung,3.7451719,0.8443
Lecanemab,43.658,liver,3.50120658,0.789
Lecanemab,43.658,kidney,3.87414031,0.8734
Lecanemab,43.658,muscle,4.06537593,0.9034
Lecanemab,43.658,fat,3.00221591,0.6662
Lecanemab,43.658,brain,3.38533969,0.7628
Lecanemab,43.658,gut,3.62096624,0.8162
Lecanemab,43.899,blood,5.51031688,1.0
Lecanemab,43.899,lung,3.72222802,0.8443
Lecanemab,43.899,liver,3.47975572,0.789
Lecanemab,43.899,kidney,3.85040569,0.8734
Lecanemab,43.899,muscle,4.04046849,0.9034
Lecanemab,43.899,fat,2.98382216,0.6662
Lecanemab,43.899,brain,3.36459869,0.7628
Lecanemab,43.899,gut,3.59878176,0.8162
Lecanemab,44.141,blood,5.47655549,1.0
Lecanemab,44.141,lung,3.69942671,0.8443
Lecanemab,44.141,liver,3.45843636,0.789
Lecanemab,44.141,kidney,3.82681783,0.8734
Lecanemab,44.141,muscle,4.01571366,0.9034
Lecanemab,44.141,fat,2.96554111,0.6662
Lecanemab,44.141,brain,3.34398481,0.7628
Lecanemab,44.141,gut,3.57673341,0.8162
Lecanemab,44.382,blood,5.44300172,1.0
Lecanemab,44.382,lung,3.67676264,0.8443
Lecanemab,44.382,liver,3.43724752,0.789
Lecanemab,44.382,kidney,3.80337284,0.8734
Lecanemab,44.382,muscle,3.99111048,0.9034
Lecanemab,44.382,fat,2.94737205,0.6662
Lecanemab,44.382,brain,3.32349717,0.7628
Lecanemab,44.382,gut,3.55481988,0.8162
Lecanemab,44.623,blood,5.40965591,1.0
Lecanemab,44.623,lung,3.65422995,0.8443
Lecanemab,44.623,liver,3.41618821,0.789
Lecanemab,44.623,kidney,3.78006648,0.8734
Lecanemab,44.623,muscle,3.96665804,0.9034
Lecanemab,44.623,fat,2.92931431,0.6662
Lecanemab,44.623,brain,3.30313486,0.7628
Lecanemab,44.623,gut,3.53303983,0.8162
Lecanemab,44.864,blood,5.37651368,1.0
Lecanemab,44.864,lung,3.63183758,0.8443
Lecanemab,44.864,liver,3.39525801,0.789
Lecanemab,44.864,kidney,3.75690444,0.8734
Lecanemab,44.864,muscle,3.94235541,0.9034
Lecanemab,44.864,fat,2.9113672,0.6662
Lecanemab,44.864,brain,3.28289737,0.7628
Lecanemab,44.864,gut,3.51139345,0.8162
Lecanemab,45.106,blood,5.3435742,1.0
Lecanemab,45.106,lung,3.60958336,0.8443
Lecanemab,45.106,liver,3.37445608,0.789
Lecanemab,45.106,kidney,3.73388495,0.8734
Lecanemab,45.106,muscle,3.91820168,0.9034
Lecanemab,45.106,fat,2.89353006,0.6662
Lecanemab,45.106,brain,3.26278388,0.7628
Lecanemab,45.106,gut,3.4898798,0.8162
Lecanemab,45.347,blood,5.31083502,1.0
Lecanemab,45.347,lung,3.58747022,0.8443
Lecanemab,45.347,liver,3.35378179,0.789
Lecanemab,45.347,kidney,3.71100965,0.8734
Lecanemab,45.347,muscle,3.89419594,0.9034
Lecanemab,45.347,fat,2.87580219,0.6662
Lecanemab,45.347,brain,3.24279375,0.7628
Lecanemab,45.347,gut,3.46849845,0.8162
Lecanemab,45.588,blood,5.27829592,1.0
Lecanemab,45.588,lung,3.56549417,0.8443
Lecanemab,45.588,liver,3.33323422,0.789
Lecanemab,45.588,kidney,3.68827559,0.8734
Lecanemab,45.588,muscle,3.87033728,0.9034
Lecanemab,45.588,fat,2.85818295,0.6662
Lecanemab,45.588,brain,3.22292613,0.7628
Lecanemab,45.588,gut,3.44724827,0.8162
Lecanemab,45.829,blood,5.24595665,1.0
Lecanemab,45.829,lung,3.54365126,0.8443
Lecanemab,45.829,liver,3.31281249,0.789
Lecanemab,45.829,kidney,3.66567981,0.8734
Lecanemab,45.829,muscle,3.84662479,0.9034
Lecanemab,45.829,fat,2.84067165,0.6662
Lecanemab,45.829,brain,3.20318019,0.7628
Lecanemab,45.829,gut,3.42612813,0.8162
Lecanemab,46.07,blood,5.21381546,1.0
Lecanemab,46.07,lung,3.52194234,0.8443
Lecanemab,46.07,liver,3.29251588,0.789
Lecanemab,46.07,kidney,3.64322257,0.8734
Lecanemab,46.07,muscle,3.82305758,0.9034
Lecanemab,46.07,fat,2.82326764,0.6662
Lecanemab,46.07,brain,3.18355524,0.7628
Lecanemab,46.07,gut,3.4051374,0.8162
Lecanemab,46.312,blood,5.18187144,1.0
Lecanemab,46.312,lung,3.50036564,0.8443
Lecanemab,46.312,liver,3.27234359,0.789
Lecanemab,46.312,kidney,3.6209024,0.8734
Lecanemab,46.312,muscle,3.79963476,0.9034
Lecanemab,46.312,fat,2.80597025,0.6662
Lecanemab,46.312,brain,3.1640505,0.7628
Lecanemab,46.312,gut,3.3842752,0.8162
Lecanemab,46.553,blood,5.15012342,1.0
Lecanemab,46.553,lung,3.47892024,0.8443
Lecanemab,46.553,liver,3.25229485,0.789
Lecanemab,46.553,kidney,3.59871838,0.8734
Lecanemab,46.553,muscle,3.77635544,0.9034
Lecanemab,46.553,fat,2.78877884,0.6662
Lecanemab,46.553,brain,3.14466524,0.7628
Lecanemab,46.553,gut,3.36354071,0.8162
Lecanemab,46.794,blood,5.1185705,1.0
Lecanemab,46.794,lung,3.45760437,0.8443
Lecanemab,46.794,liver,3.23236888,0.789
Lecanemab,46.794,kidney,3.57666903,0.8734
Lecanemab,46.794,muscle,3.75321875,0.9034
Lecanemab,46.794,fat,2.77169276,0.6662
Lecanemab,46.794,brain,3.12539871,0.7628
Lecanemab,46.794,gut,3.34293307,0.8162
Lecanemab,47.035,blood,5.0872117,1.0
Lecanemab,47.035,lung,3.43641657,0.8443
Lecanemab,47.035,liver,3.21256489,0.789
Lecanemab,47.035,kidney,3.55475308,0.8734
Lecanemab,47.035,muscle,3.7302238,0.9034
Lecanemab,47.035,fat,2.75471136,0.6662
Lecanemab,47.035,brain,3.10625015,0.7628
Lecanemab,47.035,gut,3.32245141,0.8162
Lecanemab,47.276,blood,5.05604439,1.0
Lecanemab,47.276,lung,3.4153606,0.8443
Lecanemab,47.276,liver,3.1928823,0.789
Lecanemab,47.276,kidney,3.53297275,0.8734
Lecanemab,47.276,muscle,3.70736974,0.9034
Lecanemab,47.276,fat,2.737834,0.6662
Lecanemab,47.276,brain,3.08721896,0.7628
Lecanemab,47.276,gut,3.30209546,0.8162
Lecanemab,47.518,blood,5.02506718,1.0
Lecanemab,47.518,lung,3.3944363,0.8443
Lecanemab,47.518,liver,3.17332042,0.789
Lecanemab,47.518,kidney,3.51132765,0.8734
Lecanemab,47.518,muscle,3.68465571,0.9034
Lecanemab,47.518,fat,2.72106004,0.6662
Lecanemab,47.518,brain,3.06830443,0.7628
Lecanemab,47.518,gut,3.2818645,0.8162
Lecanemab,47.759,blood,4.9942792,1.0
Lecanemab,47.759,lung,3.37364196,0.8443
Lecanemab,47.759,liver,3.15387845,0.789
Lecanemab,47.759,kidney,3.48981635,0.8734
Lecanemab,47.759,muscle,3.66208084,0.9034
Lecanemab,47.759,fat,2.70438886,0.6662
Lecanemab,47.759,brain,3.04950584,0.7628
Lecanemab,47.759,gut,3.26175767,0.8162
Lecanemab,48.0,blood,4.96368057,1.0
Lecanemab,48.0,lung,3.35297275,0.8443
Lecanemab,48.0,liver,3.13455551,0.789
Lecanemab,48.0,kidney,3.46843531,0.8734
Lecanemab,48.0,muscle,3.63964428,0.9034
Lecanemab,48.0,fat,2.68781981,0.6662
Lecanemab,48.0,brain,3.03082236,0.7628
Lecanemab,48.0,gut,3.2417738,0.8162
